id,title,time,notes,status,user_name,user_email,user_phone,user_company
1,guhi,2025-05-16T12:00:00,kugiuh,confirmed,,,,
1,sdfghjkl,2025-05-16T12:00:00,,pending,,,,
2,jvhgv,2025-05-21T12:00:00,",n jm",confirmed,,,,
1,dsb,2025-05-22T12:00:00,,pending,,,,
APT-1755515595-4468,erge,2025-08-13T12:00:00,whbs,cancelled,,,,
APT-1755517993-4552,sadam,2025-08-20T12:00:00,sudyfguy,pending,,,,
APT-1755595178-9917,hguyguy g,2025-08-28T12:00:00,iuhiu,pending,,,,
APT-1755666003-5027,sdefrtgyhu,2025-08-22T12:00:00,,pending,,,,
APT-1755669656-9390,dfgtyhjukl,2025-08-23T12:00:00,,pending,,,,
APT-1755672286-3413,dfgtyhjukl,2025-08-29T12:00:00,,pending,,,,
APT-1755674614-5747,regarding website pricing details,2025-08-27T08:00:00,,cancelled,,,,
APT-1755679110-8436,digital marjeting services cost and visit site,2025-09-29T09:00:00,fefew,cancelled,,,,
APT-1755750691-3491,dfrgthyjuyytrf,2025-08-30T12:00:00,,cancelled,,,,
APT-1755751457-8705,services,2025-08-27T12:00:00,,scheduled,Web User,,,
APT-1755751590-7995,websites,2025-08-23T10:00:00,wedsdf,scheduled,Web User,,,
APT-1755852588-2930,ewrgth,2025-08-31T07:00:00,ewr4t,cancelled,hi,hi@gmail.com,2345654323,
APT-1755855137-1474,xsdcfvgh,2025-08-30T05:00:00,dfg,scheduled,john,john@gmail.com,965432345678,defrgt
APT-1756108076-1289,meeting,2025-09-19T08:00:00,,scheduled,sanjay,sanjay@gmail.com,45678945,automobiles
APT-1756112533-6363,seo,2025-08-26T07:00:00,sdfg,scheduled,itachi,itachi@gmail.com,,
APT-1756114799-5205,website designing,2025-08-27T05:30:00+00:00,no,scheduled,pain,pain@gmail.com,,
APT-1756115521-1548,airport ads,2025-08-26T05:30:00+00:00,,scheduled,kavya,kavya@gmail.com,,
APT-1756116562-3388,smm and smo,2025-09-03T10:30:00+00:00,,scheduled,ajay,ajay@gmail.com,,
APT-1756116814-6141,blog articles,2025-09-01T05:30:00+00:00,,scheduled,naresh,naresh@gmail.com,,
APT-1756117127-8905,paper insertion,2025-09-01T03:30:00+00:00,paper,scheduled,kiran,kiran@gmail.com,9876545678,
APT-1756117319-9491,pr services,2025-09-01T10:30:00+00:00,,scheduled,nithya,nithya@gmail.com,,
APT-1756117361-5577,photo,2025-09-01T07:30:00+00:00,,scheduled,nithya,nithya@gmail.com,,
APT-1756120749-2051,brand ads,2025-08-29T07:30:00+00:00,,scheduled,bhavya,,34567898765,
APT-1756126236-6705,offline serices,2025-08-25T07:30:00+00:00,,scheduled,skip,,3456345678,
